<?xml version="1.0" encoding="utf-8"?>
<!-- Copyright (C) 2009 The Android Open Source Project

     Licensed under the Apache License, Version 2.0 (the "License");
     you may not use this file except in compliance with the License.
     You may obtain a copy of the License at
  
          http://www.apache.org/licenses/LICENSE-2.0
  
     Unless required by applicable law or agreed to in writing, software
     distributed under the License is distributed on an "AS IS" BASIS,
     WITHOUT WARRANTIES OR CONDITIONS OF ANY KIND, either express or implied.
     See the License for the specific language governing permissions and
     limitations under the License.
-->

<!-- These are the hardware features that all devices must possess.
     These are always added for you by the build system, you do not need
     to add them yourself. -->
<permissions>
    <feature name="android.hardware.location" />
    <feature name="android.hardware.location.network" />
    <feature name="android.hardware.location.gps" />
    <feature name="android.hardware.sensor.compass" />
    <feature name="android.hardware.sensor.accelerometer" />
    <feature name="android.hardware.bluetooth" />
    <feature name="android.hardware.wifi" />
    <feature name="android.hardware.touchscreen" />
    <feature name="android.hardware.touchscreen.multitouch" />
</permissions>
